firstName,lastName,email
fName0,lName0,email0@mail.com
fName1,lName1,email1@mail.com
fName2,lName2,email2@mail.com
fName3,lName3,email3@mail.com
fName4,lName4,email4@mail.com
fName5,lName5,email5@mail.com
fName6,lName6,email6@mail.com
fName7,lName7,email7@mail.com
fName8,lName8,email8@mail.com
fName9,lName9,email9@mail.com
fName10,lName10,email10@mail.com
fName11,lName11,email11@mail.com
fName12,lName12,email12@mail.com
fName13,lName13,email13@mail.com
fName14,lName14,email14@mail.com
fName15,lName15,email15@mail.com
fName16,lName16,email16@mail.com
fName17,lName17,email17@mail.com
fName18,lName18,email18@mail.com
fName19,lName19,email19@mail.com
fName20,lName20,email20@mail.com
fName21,lName21,email21@mail.com
fName22,lName22,email22@mail.com
fName23,lName23,email23@mail.com
fName24,lName24,email24@mail.com
fName25,lName25,email25@mail.com
fName26,lName26,email26@mail.com
fName27,lName27,email27@mail.com
fName28,lName28,email28@mail.com
fName29,lName29,email29@mail.com
fName30,lName30,email30@mail.com
fName31,lName31,email31@mail.com
fName32,lName32,email32@mail.com
fName33,lName33,email33@mail.com
fName34,lName34,email34@mail.com
fName35,lName35,email35@mail.com
fName36,lName36,email36@mail.com
fName37,lName37,email37@mail.com
fName38,lName38,email38@mail.com
fName39,lName39,email39@mail.com
fName40,lName40,email40@mail.com
fName41,lName41,email41@mail.com
fName42,lName42,email42@mail.com
fName43,lName43,email43@mail.com
fName44,lName44,email44@mail.com
fName45,lName45,email45@mail.com
fName46,lName46,email46@mail.com
fName47,lName47,email47@mail.com
fName48,lName48,email48@mail.com
fName49,lName49,email49@mail.com
fName50,lName50,email50@mail.com
fName51,lName51,email51@mail.com
fName52,lName52,email52@mail.com
fName53,lName53,email53@mail.com
fName54,lName54,email54@mail.com
fName55,lName55,email55@mail.com
fName56,lName56,email56@mail.com
fName57,lName57,email57@mail.com
fName58,lName58,email58@mail.com
fName59,lName59,email59@mail.com
fName60,lName60,email60@mail.com
fName61,lName61,email61@mail.com
fName62,lName62,email62@mail.com
fName63,lName63,email63@mail.com
fName64,lName64,email64@mail.com
fName65,lName65,email65@mail.com
fName66,lName66,email66@mail.com
fName67,lName67,email67@mail.com
fName68,lName68,email68@mail.com
fName69,lName69,email69@mail.com
fName70,lName70,email70@mail.com
fName71,lName71,email71@mail.com
fName72,lName72,email72@mail.com
fName73,lName73,email73@mail.com
fName74,lName74,email74@mail.com
fName75,lName75,email75@mail.com
fName76,lName76,email76@mail.com
fName77,lName77,email77@mail.com
fName78,lName78,email78@mail.com
fName79,lName79,email79@mail.com
fName80,lName80,email80@mail.com
fName81,lName81,email81@mail.com
fName82,lName82,email82@mail.com
fName83,lName83,email83@mail.com
fName84,lName84,email84@mail.com
fName85,lName85,email85@mail.com
fName86,lName86,email86@mail.com
fName87,lName87,email87@mail.com
fName88,lName88,email88@mail.com
fName89,lName89,email89@mail.com
fName90,lName90,email90@mail.com
fName91,lName91,email91@mail.com
fName92,lName92,email92@mail.com
fName93,lName93,email93@mail.com
fName94,lName94,email94@mail.com
fName95,lName95,email95@mail.com
fName96,lName96,email96@mail.com
fName97,lName97,email97@mail.com
fName98,lName98,email98@mail.com
fName99,lName99,email99@mail.com
